ratio	nbins	tau	mass_g	g_massdensity
2.0	20	0.5	1.570796e-18	1.165549e-10
2.0	20	0.5	3.141593e-18	1.969244e-10
2.0	20	0.5	6.283185e-18	2.879083e-10
2.0	20	0.5	1.256637e-17	3.315996e-10
2.0	20	0.5	2.513274e-17	2.717379e-10
2.0	20	0.5	5.026548e-17	1.514474e-10
2.0	20	0.5	1.005310e-16	6.146139e-11
2.0	20	0.5	2.010619e-16	1.850832e-11
2.0	20	0.5	4.021239e-16	4.053411e-12
2.0	20	0.5	8.042477e-16	6.474554e-13
2.0	20	0.5	1.608495e-15	7.802199e-14
2.0	20	0.5	3.216991e-15	7.456587e-15
2.0	20	0.5	6.433982e-15	5.923622e-16
2.0	20	0.5	1.286796e-14	4.051856e-17
2.0	20	0.5	2.573593e-14	2.444859e-18
2.0	20	0.5	5.147185e-14	1.323287e-19
2.0	20	0.5	1.029437e-13	6.503087e-21
2.0	20	0.5	2.058874e-13	2.928685e-22
2.0	20	0.5	4.117748e-13	1.217667e-23
2.0	20	0.5	8.235497e-13	4.878184e-25
2.0	20	1.0	1.570796e-18	6.825093e-11
2.0	20	1.0	3.141593e-18	1.127511e-10
2.0	20	1.0	6.283185e-18	1.595939e-10
2.0	20	1.0	1.256637e-17	1.785703e-10
2.0	20	1.0	2.513274e-17	1.501751e-10
2.0	20	1.0	5.026548e-17	9.879442e-11
2.0	20	1.0	1.005310e-16	5.565717e-11
2.0	20	1.0	2.010619e-16	2.707919e-11
2.0	20	1.0	4.021239e-16	1.107108e-11
2.0	20	1.0	8.042477e-16	3.681380e-12
2.0	20	1.0	1.608495e-15	9.730489e-13
2.0	20	1.0	3.216991e-15	2.037755e-13
2.0	20	1.0	6.433982e-15	3.442608e-14
2.0	20	1.0	1.286796e-14	4.840694e-15
2.0	20	1.0	2.573593e-14	5.854314e-16
2.0	20	1.0	5.147185e-14	6.255997e-17
2.0	20	1.0	1.029437e-13	6.023373e-18
2.0	20	1.0	2.058874e-13	5.296912e-19
2.0	20	1.0	4.117748e-13	4.296164e-20
2.0	20	1.0	8.235497e-13	3.481526e-21
2.0	20	2.0	1.570796e-18	2.415627e-11
2.0	20	2.0	3.141593e-18	3.905349e-11
2.0	20	2.0	6.283185e-18	5.355488e-11
2.0	20	2.0	1.256637e-17	5.804070e-11
2.0	20	2.0	2.513274e-17	4.896320e-11
2.0	20	2.0	5.026548e-17	3.492979e-11
2.0	20	2.0	1.005310e-16	2.317648e-11
2.0	20	2.0	2.010619e-16	1.463631e-11
2.0	20	2.0	4.021239e-16	8.787722e-12
2.0	20	2.0	8.042477e-16	4.962009e-12
2.0	20	2.0	1.608495e-15	2.589440e-12
2.0	20	2.0	3.216991e-15	1.221505e-12
2.0	20	2.0	6.433982e-15	5.084334e-13
2.0	20	2.0	1.286796e-14	1.826836e-13
2.0	20	2.0	2.573593e-14	5.583507e-14
2.0	20	2.0	5.147185e-14	1.446545e-14
2.0	20	2.0	1.029437e-13	3.204008e-15
2.0	20	2.0	2.058874e-13	6.174805e-16
2.0	20	2.0	4.117748e-13	1.057442e-16
2.0	20	2.0	8.235497e-13	1.910403e-17
1.3	53	0.5	1.570796e-18	1.185087e-10
1.3	53	0.5	2.042035e-18	1.464001e-10
1.3	53	0.5	2.654646e-18	1.781750e-10
1.3	53	0.5	3.451040e-18	2.132086e-10
1.3	53	0.5	4.486351e-18	2.495415e-10
1.3	53	0.5	5.832257e-18	2.841868e-10
1.3	53	0.5	7.581934e-18	3.132762e-10
1.3	53	0.5	9.856514e-18	3.320756e-10
1.3	53	0.5	1.281347e-17	3.367693e-10
1.3	53	0.5	1.665751e-17	3.254320e-10
1.3	53	0.5	2.165476e-17	2.991041e-10
1.3	53	0.5	2.815119e-17	2.616385e-10
1.3	53	0.5	3.659655e-17	2.182922e-10
1.3	53	0.5	4.757551e-17	1.739659e-10
1.3	53	0.5	6.184816e-17	1.322254e-10
1.3	53	0.5	8.040261e-17	9.532405e-11
1.3	53	0.5	1.045234e-16	6.458994e-11
1.3	53	0.5	1.358804e-16	4.064227e-11
1.3	53	0.5	1.766445e-16	2.340938e-11
1.3	53	0.5	2.296379e-16	1.214285e-11
1.3	53	0.5	2.985293e-16	5.573818e-12
1.3	53	0.5	3.880881e-16	2.224491e-12
1.3	53	0.5	5.045145e-16	7.597227e-13
1.3	53	0.5	6.558688e-16	2.194804e-13
1.3	53	0.5	8.526295e-16	5.340741e-14
1.3	53	0.5	1.108418e-15	1.100794e-14
1.3	53	0.5	1.440944e-15	1.952482e-15
1.3	53	0.5	1.873227e-15	3.048641e-16
1.3	53	0.5	2.435195e-15	4.289482e-17
1.3	53	0.5	3.165753e-15	5.540875e-18
1.3	53	0.5	4.115480e-15	6.653262e-19
1.3	53	0.5	5.350123e-15	7.484505e-20
1.3	53	0.5	6.955160e-15	7.929130e-21
1.3	53	0.5	9.041709e-15	7.941894e-22
1.3	53	0.5	1.175422e-14	7.545057e-23
1.3	53	0.5	1.528049e-14	6.817948e-24
1.3	53	0.5	1.986463e-14	5.874454e-25
1.3	53	0.5	2.582402e-14	4.836806e-26
1.3	53	0.5	3.357123e-14	3.813170e-27
1.3	53	0.5	4.364260e-14	2.883555e-28
1.3	53	0.5	5.673538e-14	2.095051e-29
1.3	53	0.5	7.375599e-14	1.464656e-30
1.3	53	0.5	9.588279e-14	9.866222e-32
1.3	53	0.5	1.246476e-13	6.412024e-33
1.3	53	0.5	1.620419e-13	4.025169e-34
1.3	53	0.5	2.106545e-13	2.443424e-35
1.3	53	0.5	2.738508e-13	1.435784e-36
1.3	53	0.5	3.560061e-13	8.174812e-38
1.3	53	0.5	4.628079e-13	4.514005e-39
1.3	53	0.5	6.016503e-13	2.419452e-40
1.3	53	0.5	7.821454e-13	1.259786e-41
1.3	53	0.5	1.016789e-12	6.377313e-43
1.3	53	0.5	1.321826e-12	3.298910e-44
1.3	53	1.0	1.570796e-18	7.008182e-11
1.3	53	1.0	2.042035e-18	8.588278e-11
1.3	53	1.0	2.654646e-18	1.034585e-10
1.3	53	1.0	3.451040e-18	1.223741e-10
1.3	53	1.0	4.486351e-18	1.413094e-10
1.3	53	1.0	5.832257e-18	1.585081e-10
1.3	53	1.0	7.581934e-18	1.720089e-10
1.3	53	1.0	9.856514e-18	1.796192e-10
1.3	53	1.0	1.281347e-17	1.801506e-10
1.3	53	1.0	1.665751e-17	1.735936e-10
1.3	53	1.0	2.165476e-17	1.612674e-10
1.3	53	1.0	2.815119e-17	1.452778e-10
1.3	53	1.0	3.659655e-17	1.276832e-10
1.3	53	1.0	4.757551e-17	1.099393e-10
1.3	53	1.0	6.184816e-17	9.286375e-11
1.3	53	1.0	8.040261e-17	7.687275e-11
1.3	53	1.0	1.045234e-16	6.219556e-11
1.3	53	1.0	1.358804e-16	4.898422e-11
1.3	53	1.0	1.766445e-16	3.735567e-11
1.3	53	1.0	2.296379e-16	2.740072e-11
1.3	53	1.0	2.985293e-16	1.917496e-11
1.3	53	1.0	3.880881e-16	1.267859e-11
1.3	53	1.0	5.045145e-16	7.832848e-12
1.3	53	1.0	6.558688e-16	4.465531e-12
1.3	53	1.0	8.526295e-16	2.318275e-12
1.3	53	1.0	1.108418e-15	1.081490e-12
1.3	53	1.0	1.440944e-15	4.479265e-13
1.3	53	1.0	1.873227e-15	1.632079e-13
1.3	53	1.0	2.435195e-15	5.208960e-14
1.3	53	1.0	3.165753e-15	1.459436e-14
1.3	53	1.0	4.115480e-15	3.622862e-15
1.3	53	1.0	5.350123e-15	8.087441e-16
1.3	53	1.0	6.955160e-15	1.651786e-16
1.3	53	1.0	9.041709e-15	3.136053e-17
1.3	53	1.0	1.175422e-14	5.602841e-18
1.3	53	1.0	1.528049e-14	9.498016e-19
1.3	53	1.0	1.986463e-14	1.536006e-19
1.3	53	1.0	2.582402e-14	2.378276e-20
1.3	53	1.0	3.357123e-14	3.535091e-21
1.3	53	1.0	4.364260e-14	5.055217e-22
1.3	53	1.0	5.673538e-14	6.967421e-23
1.3	53	1.0	7.375599e-14	9.270253e-24
1.3	53	1.0	9.588279e-14	1.192388e-24
1.3	53	1.0	1.246476e-13	1.484598e-25
1.3	53	1.0	1.620419e-13	1.791317e-26
1.3	53	1.0	2.106545e-13	2.096876e-27
1.3	53	1.0	2.738508e-13	2.383619e-28
1.3	53	1.0	3.560061e-13	2.633654e-29
1.3	53	1.0	4.628079e-13	2.830769e-30
1.3	53	1.0	6.016503e-13	2.962198e-31
1.3	53	1.0	7.821454e-13	3.019987e-32
1.3	53	1.0	1.016789e-12	3.001747e-33
1.3	53	1.0	1.321826e-12	3.214223e-34
1.3	53	2.0	1.570796e-18	2.527870e-11
1.3	53	2.0	2.042035e-18	3.073740e-11
1.3	53	2.0	2.654646e-18	3.666163e-11
1.3	53	2.0	3.451040e-18	4.287875e-11
1.3	53	2.0	4.486351e-18	4.886749e-11
1.3	53	2.0	5.832257e-18	5.400754e-11
1.3	53	2.0	7.581934e-18	5.769863e-11
1.3	53	2.0	9.856514e-18	5.932523e-11
1.3	53	2.0	1.281347e-17	5.873125e-11
1.3	53	2.0	1.665751e-17	5.615439e-11
1.3	53	2.0	2.165476e-17	5.217317e-11
1.3	53	2.0	2.815119e-17	4.746332e-11
1.3	53	2.0	3.659655e-17	4.256411e-11
1.3	53	2.0	4.757551e-17	3.779602e-11
1.3	53	2.0	6.184816e-17	3.331167e-11
1.3	53	2.0	8.040261e-17	2.917190e-11
1.3	53	2.0	1.045234e-16	2.539358e-11
1.3	53	2.0	1.358804e-16	2.197169e-11
1.3	53	2.0	1.766445e-16	1.888969e-11
1.3	53	2.0	2.296379e-16	1.612503e-11
1.3	53	2.0	2.985293e-16	1.365292e-11
1.3	53	2.0	3.880881e-16	1.144883e-11
1.3	53	2.0	5.045145e-16	9.490177e-12
1.3	53	2.0	6.558688e-16	7.757308e-12
1.3	53	2.0	8.526295e-16	6.233949e-12
1.3	53	2.0	1.108418e-15	4.907187e-12
1.3	53	2.0	1.440944e-15	3.766988e-12
1.3	53	2.0	1.873227e-15	2.805204e-12
1.3	53	2.0	2.435195e-15	2.014088e-12
1.3	53	2.0	3.165753e-15	1.384479e-12
1.3	53	2.0	4.115480e-15	9.040174e-13
1.3	53	2.0	5.350123e-15	5.559528e-13
1.3	53	2.0	6.955160e-15	3.191291e-13
1.3	53	2.0	9.041709e-15	1.694474e-13
1.3	53	2.0	1.175422e-14	8.251470e-14
1.3	53	2.0	1.528049e-14	3.658325e-14
1.3	53	2.0	1.986463e-14	1.469173e-14
1.3	53	2.0	2.582402e-14	5.335009e-15
1.3	53	2.0	3.357123e-14	1.756267e-15
1.3	53	2.0	4.364260e-14	5.279812e-16
1.3	53	2.0	5.673538e-14	1.465875e-16
1.3	53	2.0	7.375599e-14	3.807893e-17
1.3	53	2.0	9.588279e-14	9.369161e-18
1.3	53	2.0	1.246476e-13	2.204684e-18
1.3	53	2.0	1.620419e-13	4.994895e-19
1.3	53	2.0	2.106545e-13	1.094209e-19
1.3	53	2.0	2.738508e-13	2.324079e-20
1.3	53	2.0	3.560061e-13	4.794806e-21
1.3	53	2.0	4.628079e-13	9.621418e-22
1.3	53	2.0	6.016503e-13	1.879796e-22
1.3	53	2.0	7.821454e-13	3.579026e-23
1.3	53	2.0	1.016789e-12	6.645516e-24
1.3	53	2.0	1.321826e-12	1.461531e-24
