# number distribution n_k [/H] at the evolved time (T=2 const, tau=1 add),
# per kernel and resolution -- for weighted re-analysis without re-running NEMO.
kernel	mass_ratio	nbins	mass_g	n_k_perH
constant	2.0	20	1.570796e-18	3.576126e-11
constant	2.0	20	3.141593e-18	6.695049e-11
constant	2.0	20	6.283185e-18	1.193337e-10
constant	2.0	20	1.256637e-17	1.866354e-10
constant	2.0	20	2.513274e-17	2.209864e-10
constant	2.0	20	5.026548e-17	1.558234e-10
constant	2.0	20	1.005310e-16	5.229399e-11
constant	2.0	20	2.010619e-16	7.296317e-12
constant	2.0	20	4.021239e-16	3.878507e-13
constant	2.0	20	8.042477e-16	7.804718e-15
constant	2.0	20	1.608495e-15	6.209386e-17
constant	2.0	20	3.216991e-15	2.040519e-19
constant	2.0	20	6.433982e-15	2.858161e-22
constant	2.0	20	1.286796e-14	1.745390e-25
constant	2.0	20	2.573593e-14	4.726184e-29
constant	2.0	20	5.147185e-14	5.749837e-33
constant	2.0	20	1.029437e-13	3.176095e-37
constant	2.0	20	2.058874e-13	8.034467e-42
constant	2.0	20	4.117748e-13	9.374668e-47
constant	2.0	20	8.235497e-13	5.076012e-52
constant	1.5	35	1.570796e-18	2.073677e-11
constant	1.5	35	2.356194e-18	2.935867e-11
constant	1.5	35	3.534292e-18	4.184035e-11
constant	1.5	35	5.301438e-18	5.900654e-11
constant	1.5	35	7.952156e-18	8.012150e-11
constant	1.5	35	1.192823e-17	1.032518e-10
constant	1.5	35	1.789235e-17	1.228232e-10
constant	1.5	35	2.683853e-17	1.294488e-10
constant	1.5	35	4.025779e-17	1.142392e-10
constant	1.5	35	6.038669e-17	7.864228e-11
constant	1.5	35	9.058003e-17	3.895931e-11
constant	1.5	35	1.358700e-16	1.270432e-11
constant	1.5	35	2.038051e-16	2.471948e-12
constant	1.5	35	3.057076e-16	2.607250e-13
constant	1.5	35	4.585614e-16	1.387033e-14
constant	1.5	35	6.878421e-16	3.661017e-16
constant	1.5	35	1.031763e-15	5.066354e-18
constant	1.5	35	1.547645e-15	3.970599e-20
constant	1.5	35	2.321467e-15	1.838152e-22
constant	1.5	35	3.482201e-15	5.109042e-25
constant	1.5	35	5.223301e-15	8.608489e-28
constant	1.5	35	7.834952e-15	8.861933e-31
constant	1.5	35	1.175243e-14	5.610668e-34
constant	1.5	35	1.762864e-14	2.197120e-37
constant	1.5	35	2.644296e-14	5.348004e-41
constant	1.5	35	3.966444e-14	8.126635e-45
constant	1.5	35	5.949666e-14	7.738845e-49
constant	1.5	35	8.924500e-14	4.634173e-53
constant	1.5	35	1.338675e-13	1.752373e-57
constant	1.5	35	2.008012e-13	2.042097e-60
constant	1.5	35	3.012019e-13	2.000187e-60
constant	1.5	35	4.518028e-13	2.000124e-60
constant	1.5	35	6.777042e-13	2.000083e-60
constant	1.5	35	1.016556e-12	2.000055e-60
constant	1.5	35	1.524834e-12	2.000110e-60
constant	1.3	53	1.570796e-18	1.337924e-11
constant	1.3	53	2.042035e-18	1.674796e-11
constant	1.3	53	2.654646e-18	2.081283e-11
constant	1.3	53	3.451040e-18	2.617113e-11
constant	1.3	53	4.486351e-18	3.271859e-11
constant	1.3	53	5.832257e-18	4.044436e-11
constant	1.3	53	7.581934e-18	4.933118e-11
constant	1.3	53	9.856514e-18	5.885504e-11
constant	1.3	53	1.281347e-17	6.839654e-11
constant	1.3	53	1.665751e-17	7.680179e-11
constant	1.3	53	2.165476e-17	8.246063e-11
constant	1.3	53	2.815119e-17	8.353262e-11
constant	1.3	53	3.659655e-17	7.850278e-11
constant	1.3	53	4.757551e-17	6.703179e-11
constant	1.3	53	6.184816e-17	5.070898e-11
constant	1.3	53	8.040261e-17	3.297874e-11
constant	1.3	53	1.045234e-16	1.779612e-11
constant	1.3	53	1.358804e-16	7.644407e-12
constant	1.3	53	1.766445e-16	2.492038e-12
constant	1.3	53	2.296379e-16	5.845021e-13
constant	1.3	53	2.985293e-16	9.314730e-14
constant	1.3	53	3.880881e-16	9.517475e-15
constant	1.3	53	5.045145e-16	5.915719e-16
constant	1.3	53	6.558688e-16	2.158805e-17
constant	1.3	53	8.526295e-16	4.622438e-19
constant	1.3	53	1.108418e-15	6.082873e-21
constant	1.3	53	1.440944e-15	5.291551e-23
constant	1.3	53	1.873227e-15	3.213707e-25
constant	1.3	53	2.435195e-15	1.393783e-27
constant	1.3	53	3.165753e-15	4.348666e-30
constant	1.3	53	4.115480e-15	9.798313e-33
constant	1.3	53	5.350123e-15	1.599338e-35
constant	1.3	53	6.955160e-15	1.896486e-38
constant	1.3	53	9.041709e-15	1.637948e-41
constant	1.3	53	1.175422e-14	1.032817e-44
constant	1.3	53	1.528049e-14	4.765084e-48
constant	1.3	53	1.986463e-14	1.611849e-51
constant	1.3	53	2.582402e-14	4.005037e-55
constant	1.3	53	3.357123e-14	7.522940e-59
constant	1.3	53	4.364260e-14	2.011159e-60
constant	1.3	53	5.673538e-14	2.000993e-60
constant	1.3	53	7.375599e-14	2.000763e-60
constant	1.3	53	9.588279e-14	2.000587e-60
constant	1.3	53	1.246476e-13	2.000452e-60
constant	1.3	53	1.620419e-13	2.000347e-60
constant	1.3	53	2.106545e-13	2.000267e-60
constant	1.3	53	2.738508e-13	2.000205e-60
constant	1.3	53	3.560061e-13	2.000158e-60
constant	1.3	53	4.628079e-13	2.000122e-60
constant	1.3	53	6.016503e-13	2.000094e-60
constant	1.3	53	7.821454e-13	2.000072e-60
constant	1.3	53	1.016789e-12	2.000055e-60
constant	1.3	53	1.321826e-12	2.000184e-60
constant	1.15	99	1.570796e-18	7.114855e-12
constant	1.15	99	1.806416e-18	8.029764e-12
constant	1.15	99	2.077378e-18	9.036820e-12
constant	1.15	99	2.388985e-18	1.013727e-11
constant	1.15	99	2.747333e-18	1.133211e-11
constant	1.15	99	3.159432e-18	1.274524e-11
constant	1.15	99	3.633347e-18	1.442280e-11
constant	1.15	99	4.178349e-18	1.624494e-11
constant	1.15	99	4.805102e-18	1.826240e-11
constant	1.15	99	5.525867e-18	2.041226e-11
constant	1.15	99	6.354747e-18	2.279597e-11
constant	1.15	99	7.307959e-18	2.528696e-11
constant	1.15	99	8.404153e-18	2.789391e-11
constant	1.15	99	9.664776e-18	3.057958e-11
constant	1.15	99	1.111449e-17	3.331398e-11
constant	1.15	99	1.278167e-17	3.600996e-11
constant	1.15	99	1.469892e-17	3.852846e-11
constant	1.15	99	1.690375e-17	4.077694e-11
constant	1.15	99	1.943932e-17	4.262025e-11
constant	1.15	99	2.235521e-17	4.390995e-11
constant	1.15	99	2.570850e-17	4.449791e-11
constant	1.15	99	2.956477e-17	4.424534e-11
constant	1.15	99	3.399949e-17	4.304528e-11
constant	1.15	99	3.909941e-17	4.084345e-11
constant	1.15	99	4.496432e-17	3.765933e-11
constant	1.15	99	5.170897e-17	3.360264e-11
constant	1.15	99	5.946532e-17	2.887814e-11
constant	1.15	99	6.838511e-17	2.377597e-11
constant	1.15	99	7.864288e-17	1.864008e-11
constant	1.15	99	9.043931e-17	1.382029e-11
constant	1.15	99	1.040052e-16	9.615602e-12
constant	1.15	99	1.196060e-16	6.223357e-12
constant	1.15	99	1.375469e-16	3.710072e-12
constant	1.15	99	1.581789e-16	2.014848e-12
constant	1.15	99	1.819058e-16	9.845181e-13
constant	1.15	99	2.091916e-16	4.268986e-13
constant	1.15	99	2.405704e-16	1.617634e-13
constant	1.15	99	2.766559e-16	5.266518e-14
constant	1.15	99	3.181543e-16	1.445961e-14
constant	1.15	99	3.658775e-16	3.280458e-15
constant	1.15	99	4.207591e-16	6.015545e-16
constant	1.15	99	4.838729e-16	8.707746e-17
constant	1.15	99	5.564539e-16	9.704651e-18
constant	1.15	99	6.399220e-16	8.115251e-19
constant	1.15	99	7.359103e-16	4.962977e-20
constant	1.15	99	8.462968e-16	2.167512e-21
constant	1.15	99	9.732413e-16	6.631514e-23
constant	1.15	99	1.119228e-15	1.406630e-24
constant	1.15	99	1.287112e-15	2.076557e-26
constant	1.15	99	1.480178e-15	2.182508e-28
constant	1.15	99	1.702205e-15	1.700192e-30
constant	1.15	99	1.957536e-15	1.028997e-32
constant	1.15	99	2.251166e-15	5.031676e-35
constant	1.15	99	2.588841e-15	2.036411e-37
constant	1.15	99	2.977167e-15	6.901763e-40
constant	1.15	99	3.423743e-15	1.968445e-42
constant	1.15	99	3.937304e-15	4.733976e-45
constant	1.15	99	4.527899e-15	9.609526e-48
constant	1.15	99	5.207084e-15	1.647602e-50
constant	1.15	99	5.988147e-15	2.387454e-53
constant	1.15	99	6.886369e-15	2.925612e-56
constant	1.15	99	7.919324e-15	3.233418e-59
constant	1.15	99	9.107223e-15	2.032836e-60
constant	1.15	99	1.047331e-14	2.005430e-60
constant	1.15	99	1.204430e-14	2.004703e-60
constant	1.15	99	1.385095e-14	2.004088e-60
constant	1.15	99	1.592859e-14	2.003554e-60
constant	1.15	99	1.831788e-14	2.003089e-60
constant	1.15	99	2.106556e-14	2.002686e-60
constant	1.15	99	2.422539e-14	2.002335e-60
constant	1.15	99	2.785920e-14	2.002030e-60
constant	1.15	99	3.203808e-14	2.001765e-60
constant	1.15	99	3.684380e-14	2.001535e-60
constant	1.15	99	4.237037e-14	2.001334e-60
constant	1.15	99	4.872592e-14	2.001160e-60
constant	1.15	99	5.603481e-14	2.001009e-60
constant	1.15	99	6.444003e-14	2.000877e-60
constant	1.15	99	7.410604e-14	2.000763e-60
constant	1.15	99	8.522194e-14	2.000663e-60
constant	1.15	99	9.800523e-14	2.000577e-60
constant	1.15	99	1.127060e-13	2.000501e-60
constant	1.15	99	1.296119e-13	2.000436e-60
constant	1.15	99	1.490537e-13	2.000379e-60
constant	1.15	99	1.714118e-13	2.000330e-60
constant	1.15	99	1.971235e-13	2.000287e-60
constant	1.15	99	2.266921e-13	2.000249e-60
constant	1.15	99	2.606959e-13	2.000217e-60
constant	1.15	99	2.998002e-13	2.000188e-60
constant	1.15	99	3.447703e-13	2.000164e-60
constant	1.15	99	3.964858e-13	2.000143e-60
constant	1.15	99	4.559587e-13	2.000124e-60
constant	1.15	99	5.243525e-13	2.000108e-60
constant	1.15	99	6.030054e-13	2.000094e-60
constant	1.15	99	6.934562e-13	2.000081e-60
constant	1.15	99	7.974746e-13	2.000071e-60
constant	1.15	99	9.170958e-13	2.000062e-60
constant	1.15	99	1.054660e-12	2.000054e-60
constant	1.15	99	1.212859e-12	2.000047e-60
constant	1.15	99	1.394788e-12	2.000311e-60
additive	2.0	20	1.570796e-18	4.909155e-11
additive	2.0	20	3.141593e-18	8.114395e-11
additive	2.0	20	6.283185e-18	1.149466e-10
additive	2.0	20	1.256637e-17	1.287116e-10
additive	2.0	20	2.513274e-17	1.082092e-10
additive	2.0	20	5.026548e-17	7.098122e-11
additive	2.0	20	1.005310e-16	3.975804e-11
additive	2.0	20	2.010619e-16	1.916989e-11
additive	2.0	20	4.021239e-16	7.737070e-12
additive	2.0	20	8.042477e-16	2.529533e-12
additive	2.0	20	1.608495e-15	6.550984e-13
additive	2.0	20	3.216991e-15	1.341411e-13
additive	2.0	20	6.433982e-15	2.214767e-14
additive	2.0	20	1.286796e-14	3.045366e-15
additive	2.0	20	2.573593e-14	3.604760e-16
additive	2.0	20	5.147185e-14	3.772609e-17
additive	2.0	20	1.029437e-13	3.558485e-18
additive	2.0	20	2.058874e-13	3.065956e-19
additive	2.0	20	4.117748e-13	2.436328e-20
additive	2.0	20	8.235497e-13	1.931376e-21
additive	1.5	35	1.570796e-18	2.850559e-11
additive	1.5	35	2.356194e-18	3.875263e-11
additive	1.5	35	3.534292e-18	5.052022e-11
additive	1.5	35	5.301438e-18	6.222731e-11
additive	1.5	35	7.952156e-18	7.101039e-11
additive	1.5	35	1.192823e-17	7.398909e-11
additive	1.5	35	1.789235e-17	6.998286e-11
additive	1.5	35	2.683853e-17	6.064002e-11
additive	1.5	35	4.025779e-17	4.910147e-11
additive	1.5	35	6.038669e-17	3.774032e-11
additive	1.5	35	9.058003e-17	2.759702e-11
additive	1.5	35	1.358700e-16	1.904965e-11
additive	1.5	35	2.038051e-16	1.225089e-11
additive	1.5	35	3.057076e-16	7.212883e-12
additive	1.5	35	4.585614e-16	3.807450e-12
additive	1.5	35	6.878421e-16	1.762097e-12
additive	1.5	35	1.031763e-15	7.003118e-13
additive	1.5	35	1.547645e-15	2.354731e-13
additive	1.5	35	2.321467e-15	6.666336e-14
additive	1.5	35	3.482201e-15	1.601150e-14
additive	1.5	35	5.223301e-15	3.322972e-15
additive	1.5	35	7.834952e-15	6.099830e-16
additive	1.5	35	1.175243e-14	1.012477e-16
additive	1.5	35	1.762864e-14	1.545919e-17
additive	1.5	35	2.644296e-14	2.197619e-18
additive	1.5	35	3.966444e-14	2.932825e-19
additive	1.5	35	5.949666e-14	3.696374e-20
additive	1.5	35	8.924500e-14	4.419697e-21
additive	1.5	35	1.338675e-13	5.031658e-22
additive	1.5	35	2.008012e-13	5.470567e-23
additive	1.5	35	3.012019e-13	5.694490e-24
additive	1.5	35	4.518028e-13	5.687510e-25
additive	1.5	35	6.777042e-13	5.460781e-26
additive	1.5	35	1.016556e-12	5.048633e-27
additive	1.5	35	1.524834e-12	4.923660e-28
additive	1.3	53	1.570796e-18	1.840703e-11
additive	1.3	53	2.042035e-18	2.255714e-11
additive	1.3	53	2.654646e-18	2.717340e-11
additive	1.3	53	3.451040e-18	3.214158e-11
additive	1.3	53	4.486351e-18	3.711497e-11
additive	1.3	53	5.832257e-18	4.163228e-11
additive	1.3	53	7.581934e-18	4.517835e-11
additive	1.3	53	9.856514e-18	4.717727e-11
additive	1.3	53	1.281347e-17	4.731679e-11
additive	1.3	53	1.665751e-17	4.559426e-11
additive	1.3	53	2.165476e-17	4.235598e-11
additive	1.3	53	2.815119e-17	3.815499e-11
additive	1.3	53	3.659655e-17	3.353210e-11
additive	1.3	53	4.757551e-17	2.886999e-11
additive	1.3	53	6.184816e-17	2.438374e-11
additive	1.3	53	8.040261e-17	2.018295e-11
additive	1.3	53	1.045234e-16	1.632806e-11
additive	1.3	53	1.358804e-16	1.285917e-11
additive	1.3	53	1.766445e-16	9.807038e-12
additive	1.3	53	2.296379e-16	7.195354e-12
additive	1.3	53	2.985293e-16	5.038341e-12
additive	1.3	53	3.880881e-16	3.335434e-12
additive	1.3	53	5.045145e-16	2.065239e-12
additive	1.3	53	6.558688e-16	1.181946e-12
additive	1.3	53	8.526295e-16	6.175179e-13
additive	1.3	53	1.108418e-15	2.909838e-13
additive	1.3	53	1.440944e-15	1.223625e-13
additive	1.3	53	1.873227e-15	4.556866e-14
additive	1.3	53	2.435195e-15	1.498014e-14
additive	1.3	53	3.165753e-15	4.356498e-15
additive	1.3	53	4.115480e-15	1.129408e-15
additive	1.3	53	5.350123e-15	2.641785e-16
additive	1.3	53	6.955160e-15	5.656826e-17
additive	1.3	53	9.041709e-15	1.125021e-17
additive	1.3	53	1.175422e-14	2.103841e-18
additive	1.3	53	1.528049e-14	3.733379e-19
additive	1.3	53	1.986463e-14	6.325765e-20
additive	1.3	53	2.582402e-14	1.027583e-20
additive	1.3	53	3.357123e-14	1.604859e-21
additive	1.3	53	4.364260e-14	2.414858e-22
additive	1.3	53	5.673538e-14	3.506880e-23
additive	1.3	53	7.375599e-14	4.922086e-24
additive	1.3	53	9.588279e-14	6.685259e-25
additive	1.3	53	1.246476e-13	8.796409e-26
additive	1.3	53	1.620419e-13	1.122373e-26
additive	1.3	53	2.106545e-13	1.389947e-27
additive	1.3	53	2.738508e-13	1.672015e-28
additive	1.3	53	3.560061e-13	1.955177e-29
additive	1.3	53	4.628079e-13	2.224008e-30
additive	1.3	53	6.016503e-13	2.462479e-31
additive	1.3	53	7.821454e-13	2.655580e-32
additive	1.3	53	1.016789e-12	2.790926e-33
additive	1.3	53	1.321826e-12	3.176867e-34
additive	1.15	99	1.570796e-18	9.796884e-12
additive	1.15	99	1.806416e-18	1.094031e-11
additive	1.15	99	2.077378e-18	1.216350e-11
additive	1.15	99	2.388985e-18	1.345511e-11
additive	1.15	99	2.747333e-18	1.479792e-11
additive	1.15	99	3.159432e-18	1.619096e-11
additive	1.15	99	3.633347e-18	1.761979e-11
additive	1.15	99	4.178349e-18	1.903204e-11
additive	1.15	99	4.805102e-18	2.040071e-11
additive	1.15	99	5.525867e-18	2.166689e-11
additive	1.15	99	6.354747e-18	2.281593e-11
additive	1.15	99	7.307959e-18	2.377134e-11
additive	1.15	99	8.404153e-18	2.449917e-11
additive	1.15	99	9.664776e-18	2.496589e-11
additive	1.15	99	1.111449e-17	2.516107e-11
additive	1.15	99	1.278167e-17	2.507534e-11
additive	1.15	99	1.469892e-17	2.469816e-11
additive	1.15	99	1.690375e-17	2.406410e-11
additive	1.15	99	1.943932e-17	2.321043e-11
additive	1.15	99	2.235521e-17	2.218240e-11
additive	1.15	99	2.570850e-17	2.102778e-11
additive	1.15	99	2.956477e-17	1.979099e-11
additive	1.15	99	3.399949e-17	1.850977e-11
additive	1.15	99	3.909941e-17	1.721356e-11
additive	1.15	99	4.496432e-17	1.592383e-11
additive	1.15	99	5.170897e-17	1.465555e-11
additive	1.15	99	5.946532e-17	1.341879e-11
additive	1.15	99	6.838511e-17	1.222053e-11
additive	1.15	99	7.864288e-17	1.106570e-11
additive	1.15	99	9.043931e-17	9.957933e-12
additive	1.15	99	1.040052e-16	8.900075e-12
additive	1.15	99	1.196060e-16	7.894567e-12
additive	1.15	99	1.375469e-16	6.943708e-12
additive	1.15	99	1.581789e-16	6.049768e-12
additive	1.15	99	1.819058e-16	5.215054e-12
additive	1.15	99	2.091916e-16	4.441894e-12
additive	1.15	99	2.405704e-16	3.732539e-12
additive	1.15	99	2.766559e-16	3.089010e-12
additive	1.15	99	3.181543e-16	2.512885e-12
additive	1.15	99	3.658775e-16	2.005044e-12
additive	1.15	99	4.207591e-16	1.565406e-12
additive	1.15	99	4.838729e-16	1.192682e-12
additive	1.15	99	5.564539e-16	8.841920e-13
additive	1.15	99	6.399220e-16	6.357814e-13
additive	1.15	99	7.359103e-16	4.418904e-13
additive	1.15	99	8.462968e-16	2.957832e-13
additive	1.15	99	9.732413e-16	1.899366e-13
additive	1.15	99	1.119228e-15	1.165435e-13
additive	1.15	99	1.287112e-15	6.805448e-14
additive	1.15	99	1.480178e-15	3.766897e-14
additive	1.15	99	1.702205e-15	1.968841e-14
additive	1.15	99	1.957536e-15	9.682874e-15
additive	1.15	99	2.251166e-15	4.466861e-15
additive	1.15	99	2.588841e-15	1.927716e-15
additive	1.15	99	2.977167e-15	7.765640e-16
additive	1.15	99	3.423743e-15	2.915231e-16
additive	1.15	99	3.937304e-15	1.018678e-16
additive	1.15	99	4.527899e-15	3.311986e-17
additive	1.15	99	5.207084e-15	1.002545e-17
additive	1.15	99	5.988147e-15	2.831389e-18
additive	1.15	99	6.886369e-15	7.489871e-19
additive	1.15	99	7.919324e-15	1.866384e-19
additive	1.15	99	9.107223e-15	4.411703e-20
additive	1.15	99	1.047331e-14	9.965077e-21
additive	1.15	99	1.204430e-14	2.165539e-21
additive	1.15	99	1.385095e-14	4.552739e-22
additive	1.15	99	1.592859e-14	9.298131e-23
additive	1.15	99	1.831788e-14	1.850043e-23
additive	1.15	99	2.106556e-14	3.593072e-24
additive	1.15	99	2.422539e-14	6.820296e-25
additive	1.15	99	2.785920e-14	1.266409e-25
additive	1.15	99	3.203808e-14	2.301730e-26
additive	1.15	99	3.684380e-14	4.096946e-27
additive	1.15	99	4.237037e-14	7.144537e-28
additive	1.15	99	4.872592e-14	1.221122e-28
additive	1.15	99	5.603481e-14	2.046284e-29
additive	1.15	99	6.444003e-14	3.363083e-30
additive	1.15	99	7.410604e-14	5.422637e-31
additive	1.15	99	8.522194e-14	8.580561e-32
additive	1.15	99	9.800523e-14	1.332844e-32
additive	1.15	99	1.127060e-13	2.032934e-33
additive	1.15	99	1.296119e-13	3.045553e-34
additive	1.15	99	1.490537e-13	4.482524e-35
additive	1.15	99	1.714118e-13	6.483419e-36
additive	1.15	99	1.971235e-13	9.217626e-37
additive	1.15	99	2.266921e-13	1.288467e-37
additive	1.15	99	2.606959e-13	1.771209e-38
additive	1.15	99	2.998002e-13	2.395019e-39
additive	1.15	99	3.447703e-13	3.186317e-40
additive	1.15	99	3.964858e-13	4.171629e-41
additive	1.15	99	4.559587e-13	5.375919e-42
additive	1.15	99	5.243525e-13	6.820586e-43
additive	1.15	99	6.030054e-13	8.521226e-44
additive	1.15	99	6.934562e-13	1.048531e-44
additive	1.15	99	7.974746e-13	1.271000e-45
additive	1.15	99	9.170958e-13	1.518022e-46
additive	1.15	99	1.054660e-12	1.786740e-47
additive	1.15	99	1.212859e-12	2.072887e-48
additive	1.15	99	1.394788e-12	2.671586e-49
